"layout","climate","seed","width","height","openness","biome_scale","generation_ms","serialize_ms","deserialize_and_start_ms","retained_world_Lua_KiB","json_bytes","fingerprint","ruins","flora","fauna","features","crew","biomes","air_fraction","air_components","largest_air_fraction","water_cells","lava_cells","ice_cells","ore_cells"
"hybrid","balanced","1","128","80","0.48","1","247.345","16.591","19.57","783.5009765625","8762","04eef0db","2","9","5","living","3","12","0.45341796875","21","0.27568382511307","126","0","335","416"
"hybrid","balanced","7","128","80","0.48","1","238.739","15.889","18.217","783.732421875","8391","2fdb2c2e","2","9","5","living","3","12","0.44931640625","21","0.2782003912193","197","0","0","284"
"hybrid","balanced","12345","128","80","0.48","1","254.409","18.112","19.854","783.67578125","9332","5c3140dc","2","9","5","living","3","11","0.44287109375","22","0.28224917309813","76","0","173","544"
"noise","balanced","1","128","80","0.48","1","190.84","16.396","17.919","783.4375","8034","2c9ae8d9","2","9","5","living","3","12","0.38798828125","18","0.32217467908382","126","0","428","736"
"noise","balanced","7","128","80","0.48","1","171.25","14.867","22.493","783.6064453125","8064","1883ee0f","2","9","5","living","3","12","0.503125","16","0.24844720496894","197","0","25","229"
"noise","balanced","12345","128","80","0.48","1","182.627","14.955","16.667","783.6123046875","8254","6c49800c","2","9","5","living","3","11","0.430078125","17","0.29064486830154","76","0","177","762"
"cellular","balanced","1","128","80","0.48","1","111.478","16.15","18.548","783.5029296875","8597","5c7cee2b","2","9","5","living","3","12","0.451953125","19","0.27657735522904","126","0","375","556"
"cellular","balanced","7","128","80","0.48","1","119.995","26.963","19.325","783.609375","8855","74d51fbf","2","9","5","living","3","12","0.42900390625","26","0.29137263828819","197","0","85","320"
"cellular","balanced","12345","128","80","0.48","1","118.137","15.686","17.866","783.615234375","8839","0e98b0b7","2","9","5","living","3","11","0.47822265625","14","0.26138452113539","76","0","142","590"
"worms","balanced","1","128","80","0.48","1","118.871","15.225","16.496","783.4375","7950","4b936ed2","2","9","5","living","3","12","0.52578125","10","0.30070579494799","126","0","274","286"
"worms","balanced","7","128","80","0.48","1","110.108","15.179","18.294","783.6064453125","8256","1a003099","2","9","5","living","3","12","0.53740234375","13","0.23260039978194","197","0","96","252"
"worms","balanced","12345","128","80","0.48","1","109.164","14.387","16.717","783.6123046875","8101","0d75e976","2","9","5","living","3","11","0.5490234375","7","0.42778370686588","76","0","73","406"
"faults","balanced","1","128","80","0.48","1","131.559","15.911","16.353","783.5009765625","7953","23eab082","2","9","5","living","3","12","0.44267578125","19","0.28237370394882","126","0","347","596"
"faults","balanced","7","128","80","0.48","1","120.707","13.191","15.985","783.607421875","7567","38c46b15","2","9","5","living","3","12","0.49267578125","15","0.43587710604559","197","0","33","272"
"faults","balanced","12345","128","80","0.48","1","131.67","14.238","16.164","783.61328125","7733","2d4f94b5","2","9","5","living","3","11","0.4896484375","10","0.36697247706422","76","0","101","637"
"vaults","balanced","1","128","80","0.48","1","104.431","14.775","17.372","783.4384765625","7808","5eec340b","2","9","5","living","3","12","0.357421875","12","0.34972677595628","126","0","320","861"
"vaults","balanced","7","128","80","0.48","1","104.803","14.962","16.756","783.607421875","7928","709a26f1","2","9","5","living","3","12","0.32255859375","16","0.38752649106873","197","0","124","416"
"vaults","balanced","12345","128","80","0.48","1","123.855","14.578999999999","17.066","783.61328125","7943","39fd4281","2","9","5","living","3","11","0.37724609375","14","0.33134869272586","76","0","187","824"
"karst","balanced","1","128","80","0.48","1","109.272","19.426999999999","19.646","783.4375","8404","573f8340","2","9","5","living","3","12","0.48779296875","14","0.37497497497497","126","0","384","560"
"karst","balanced","7","128","80","0.48","1","113.368","15.927","18.012","783.6064453125","8668","2058fdcb","2","9","5","living","3","12","0.5029296875","16","0.24854368932039","197","0","124","285"
"karst","balanced","12345","128","80","0.48","1","112.376","15.781","19.75","783.6123046875","8795","08a0b261","2","9","5","living","3","11","0.48466796875","12","0.32822889381423","76","0","95","612"
"labyrinth","balanced","1","128","80","0.48","1","111.561","16.137000000001","24.931","783.50390625","8804","7d20708a","2","9","5","living","3","12","0.4958984375","22","0.25206774320599","126","0","302","504"
"labyrinth","balanced","7","128","80","0.48","1","117.699","17.590999999999","20.053","783.6103515625","9280","05c6f9b8","2","9","5","living","3","12","0.4939453125","14","0.25306445235271","197","0","49","308"
"labyrinth","balanced","12345","128","80","0.48","1","110.292","25.166","20.243","783.6162109375","9055","39127fb6","2","9","5","living","3","11","0.50263671875","15","0.26811734991257","76","0","121","517"
"roots","balanced","1","128","80","0.48","1","111.757","17.038","20.495","783.5","8958","6b8ab5d0","2","9","5","living","3","12","0.4271484375","16","0.39917695473251","126","0","413","608"
"roots","balanced","7","128","80","0.48","1","107.027","17.395","18.655","783.6064453125","8946","0243aa2a","2","9","5","living","3","12","0.43359375","20","0.28828828828829","197","0","56","243"
"roots","balanced","12345","128","80","0.48","1","108.29","16.475","22.178","783.6748046875","9150","6f2f3be7","2","9","5","living","3","11","0.44296875","18","0.48500881834215","76","0","182","612"
"chasms","balanced","1","128","80","0.48","1","105.774","14.416","16.315000000001","783.4384765625","8003","129d997f","2","9","5","living","3","12","0.3333984375","10","0.37492677211482","126","0","454","934"
"chasms","balanced","7","128","80","0.48","1","114.909","14.273","16.391","783.607421875","7793","561f459d","2","9","5","living","3","12","0.3947265625","15","0.3166749134092","197","0","11","288"
"chasms","balanced","12345","128","80","0.48","1","113.35","16.545000000001","15.683","783.61328125","7767","3869983f","2","9","5","living","3","11","0.331640625","11","0.37691401648999","76","0","174","813"
"crystal","balanced","1","128","80","0.48","1","118.196","18.276999999999","19.18","783.439453125","9361","335e95c6","2","9","5","living","3","12","0.45166015625","18","0.27675675675676","126","0","300","559"
"crystal","balanced","7","128","80","0.48","1","138.332","20.568","19.93","783.6083984375","9434","01b16ed7","2","9","5","living","3","12","0.457421875","17","0.2732707087959","197","0","71","383"
"crystal","balanced","12345","128","80","0.48","1","120.468","17.182","19.808","783.6142578125","9573","11e76356","2","9","5","living","3","11","0.4314453125","15","0.28972385694885","76","0","173","644"
"hybrid","balanced","1","256","160","0.48","1","998.582","74.515999999999","73.345","3103.486328125","32371","637b8900","7","37","14","living","3","12","0.4727783203125","65","0.36013426284534","733","103","939","1957"
"hybrid","balanced","7","256","160","0.48","1","1091.531","51.791","46.520000000001","3007.375","30185","6e8f96e1","7","37","14","living","3","12","0.4760009765625","48","0.4565317741191","376","30","781","1395"
"hybrid","balanced","12345","256","160","0.48","1","1185.104","69.832","79.708999999999","3008.2666015625","33507","093e9ccc","7","37","14","living","3","12","0.4487060546875","73","0.13771151858099","812","202","1205","2585"
"noise","balanced","1","256","160","0.48","1","822.833","58.494","63.192000000001","3007.2509765625","28163","6bcb069b","7","37","14","living","3","12","0.4642822265625","53","0.39044013251301","733","103","853","2472"
"noise","balanced","7","256","160","0.48","1","734.017","54.646","59.581999999999","3071.1552734375","26190","3fc29d17","7","37","14","living","3","12","0.582861328125","42","0.33986763843512","376","30","514","1036"
"noise","balanced","12345","256","160","0.48","1","729.543","62.025000000002","65.933999999999","3072.046875","28721","664330ff","7","37","14","living","3","12","0.5236328125","40","0.6832804923536","812","202","1351","1951"
"cellular","balanced","1","256","160","0.48","1","473.028","63.269999999999","71.632000000001","3103.42578125","32031","02eb31b4","7","37","14","living","3","12","0.49921875","43","0.32981220657277","733","103","613","2244"
"cellular","balanced","7","256","160","0.48","1","557.07","66.061000000001","77.245000000001","3007.251953125","31528","4ff18833","7","37","14","living","3","12","0.4791015625","55","0.18997146351406","376","30","915","1869"
"cellular","balanced","12345","256","160","0.48","1","566.237","70.404","79.180000000001","3008.1435546875","32943","1ab66434","7","37","14","living","3","12","0.4899169921875","48","0.33064234813375","812","202","1068","2227"
"worms","balanced","1","256","160","0.48","1","476.421","62.566999999998","68.128999999999","3007.2509765625","28245","61835a79","7","37","14","living","3","12","0.5156982421875","26","0.46882545093027","733","103","872","1716"
"worms","balanced","7","256","160","0.48","1","467.173","58.032000000001","63.946999999999","3071.1552734375","26281","15adc10f","7","37","14","living","3","12","0.57109375","23","0.72105848153215","376","30","819","1359"
"worms","balanced","12345","256","160","0.48","1","455.599","58.578000000001","64.136999999999","3072.046875","29680","4d4a4bd4","7","37","14","living","3","12","0.556982421875","25","0.78048566669589","812","202","945","2218"
"faults","balanced","1","256","160","0.48","1","520.111","64.685000000001","61.834000000001","3103.423828125","26965","3bf8da29","7","37","14","living","3","12","0.447509765625","36","0.62040370976541","733","103","514","2517"
"faults","balanced","7","256","160","0.48","1","519.897","52.541000000002","56.156999999999","3071.15625","25387","4c71449b","7","37","14","living","3","12","0.484716796875","34","0.56366475269467","376","30","822","1685"
"faults","balanced","12345","256","160","0.48","1","548.678","54.278","62.411000000001","3072.0478515625","27868","53081173","7","37","14","living","3","12","0.4252197265625","34","0.33679738186829","812","202","1103","2738"
"vaults","balanced","1","256","160","0.48","1","447.936","57.297000000002","68.099","3103.423828125","28925","52ca36c5","7","37","14","living","3","12","0.41015625","33","0.52","733","103","454","2927"
"vaults","balanced","7","256","160","0.48","1","467.829","63.623999999997","66.686000000001","3071.15625","29309","1f1d60cf","7","37","14","living","3","12","0.3891845703125","35","0.41327394768208","376","30","968","1941"
"vaults","balanced","12345","256","160","0.48","1","429.878","77.072999999999","72.827","3008.0478515625","30736","2e96af59","7","37","14","living","3","12","0.38037109375","36","0.38254172015404","812","202","1409","2652"
"karst","balanced","1","256","160","0.48","1","454.676","68.366000000001","74.359999999999","3071.4228515625","30640","329fd1d2","7","37","14","living","3","12","0.5461181640625","29","0.39648620859225","733","103","563","1757"
"karst","balanced","7","256","160","0.48","1","453.381","59.429999999999","67.121","3007.2490234375","30445","316b0e9b","7","37","14","living","3","12","0.5307861328125","34","0.32160434202659","376","30","805","1610"
"karst","balanced","12345","256","160","0.48","1","479.888","67.015999999999","68.496","3008.140625","31902","4d3fe83a","7","37","14","living","3","12","0.4814453125","45","0.31247464503043","812","202","1114","2273"
"labyrinth","balanced","1","256","160","0.48","1","484.059","65.201999999999","75.581000000003","3071.4267578125","34089","29b46c15","7","37","14","living","3","12","0.53056640625","47","0.29983434566538","733","103","564","2037"
"labyrinth","balanced","7","256","160","0.48","1","472.224","68.701000000001","74.963999999998","3007.2529296875","33489","2eb38334","7","37","14","living","3","12","0.537353515625","40","0.55910949568378","376","30","694","1299"
"labyrinth","balanced","12345","256","160","0.48","1","482.071","71.154","88.060999999996","3008.14453125","35650","5356291e","7","37","14","living","3","12","0.52431640625","58","0.11305643509033","812","202","999","2033"
"roots","balanced","1","256","160","0.48","1","470.573","63.707000000001","77.32","3071.4853515625","32708","0d51bfc7","7","37","14","living","3","12","0.276123046875","53","0.22396109637489","733","103","1098","3590"
"roots","balanced","7","256","160","0.48","1","441.864","75.403999999999","68.362999999998","3007.3740234375","31739","22162d90","7","37","14","living","3","12","0.2911865234375","48","0.20977613817389","376","30","1331","2512"
"roots","balanced","12345","256","160","0.48","1","430.824","64.654000000004","76.079999999997","3008.265625","34061","42bc3c81","7","37","14","living","3","12","0.293310546875","45","0.40019976693857","812","202","1585","3372"
"chasms","balanced","1","256","160","0.48","1","431.856","53.233999999996","59.623000000002","3007.314453125","27114","2aaf3227","7","37","14","living","3","12","0.2850341796875","31","0.35049250535332","733","103","1046","3459"
"chasms","balanced","7","256","160","0.48","1","494.40300000001","62.353999999999","62.854999999999","3071.15625","26581","54f2cde0","7","37","14","living","3","12","0.3348388671875","37","0.1499088589136","376","30","1292","2447"
"chasms","balanced","12345","256","160","0.48","1","476.095","56.016","89.421000000002","3072.0478515625","28693","4cb4198c","7","37","14","living","3","12","0.336767578125","37","0.46070755400899","812","202","1533","2964"
"crystal","balanced","1","256","160","0.48","1","551.848","75.902999999997","79.898","3103.4248046875","36367","40b4d76b","7","37","14","living","3","12","0.4369140625","35","0.70613544926241","733","103","728","2745"
"crystal","balanced","7","256","160","0.48","1","513.396","74.818999999998","79.850999999998","3007.2509765625","35262","697651a5","7","37","14","living","3","12","0.4620361328125","27","0.70922060766182","376","30","955","1806"
"crystal","balanced","12345","256","160","0.48","1","489.054","94.884999999998","89.430999999998","3008.142578125","37343","26aac104","7","37","14","living","3","12","0.4330078125","44","0.64986468200271","812","202","1196","2530"
